{"downloaded sketch": {"min": 3.409385681152344e-05, "max": 0.0016028881072998047, "median": 6.711483001708984e-05, "std": 0.00046251867461793327, "mean": 0.000215911865234375}, "preprocessed sketch": {"min": 0.6066792011260986, "max": 13.111528873443604, "median": 0.7366135120391846, "std": 4.198902509795623, "mean": 3.0940272569656373}, "GAN generated chair": {"min": 2.48999285697937, "max": 33.37673497200012, "median": 2.709057092666626, "std": 9.160624588474832, "mean": 5.912766027450561}, "got similar products": {"min": 2.272351026535034, "max": 3.7670300006866455, "median": 2.3967700004577637, "std": 0.42536939361477144, "mean": 2.556959390640259}, "filtered similar products": {"min": 0.0002830028533935547, "max": 0.0005321502685546875, "median": 0.0004839897155761719, "std": 8.523377171318842e-05, "mean": 0.00044002532958984373}, "got product info": {"min": 0.00018215179443359375, "max": 0.00042819976806640625, "median": 0.00036585330963134766, "std": 9.14117757401527e-05, "mean": 0.0003297090530395508}, "got product images": {"min": 8.509307146072388, "max": 14.033250093460083, "median": 9.739166498184204, "std": 1.5242264943865942, "mean": 10.15420069694519}, "generated response": {"min": 2.4080276489257812e-05, "max": 9.322166442871094e-05, "median": 6.651878356933594e-05, "std": 1.905434363107264e-05, "mean": 6.361007690429688e-05}, "num of data": 10}