{
    "downloaded sketch": {
      "min": 0.00002193450927734375,
      "max": 0.0009679794311523438,
      "median": 0.00004494190216064453,
      "std": 0.00009240586710573604,
      "mean": 0.00005477190017700195
    },
    "preprocessed sketch": {
      "min": 0.01467585563659668,
      "max": 0.02651691436767578,
      "median": 0.020180940628051758,
      "std": 0.0023073298542174666,
      "mean": 0.020919349193572998
    },
    "GAN generated chair": {
      "min": 1.712744951248169,
      "max": 3.780972957611084,
      "median": 1.890716552734375,
      "std": 0.2565446398939194,
      "mean": 1.9492469143867492
    },
    "got similar products": {
      "min": 0.752018928527832,
      "max": 2.71140718460083,
      "median": 1.7369705438613892,
      "std": 0.3922241944343166,
      "mean": 1.5626690220832824
    },
    "filtered similar products": {
      "min": 0.00018835067749023438,
      "max": 0.0006220340728759766,
      "median": 0.0004334449768066406,
      "std": 0.00009618472282220107,
      "mean": 0.00039635419845581056
    },
    "got product info": {
      "min": 0.00014400482177734375,
      "max": 0.0005009174346923828,
      "median": 0.00027823448181152344,
      "std": 0.00008916410521793769,
      "mean": 0.0002997398376464844
    },
    "got product images": {
      "min": 0.0011932849884033203,
      "max": 0.011752843856811523,
      "median": 0.0020710229873657227,
      "std": 0.001075510232545705,
      "mean": 0.0022543835639953613
    },
    "total_time": 353.98862314224243,
    "num of data": 100
  }