{
    "downloaded sketch": {
      "min": 0.000022172927856445312,
      "max": 0.0009489059448242188,
      "median": 0.000042438507080078125,
      "std": 0.0000908987490704597,
      "mean": 0.000048995018005371094
    },
    "preprocessed sketch": {
      "min": 0.011610031127929688,
      "max": 0.03408312797546387,
      "median": 0.019536614418029785,
      "std": 0.003165572574452892,
      "mean": 0.018562006950378417
    },
    "GAN generated chair": {
      "min": 1.6037671566009521,
      "max": 26.757350206375122,
      "median": 1.9295862913131714,
      "std": 3.326206634595259,
      "mean": 2.414877641201019
    },
    "got similar products": {
      "min": 0.8230037689208984,
      "max": 2.3544111251831055,
      "median": 1.8221240043640137,
      "std": 0.40082682481378895,
      "mean": 1.6280132913589478
    },
    "filtered similar products": {
      "min": 0.00016999244689941406,
      "max": 0.0006318092346191406,
      "median": 0.0003418922424316406,
      "std": 0.00010311525374871455,
      "mean": 0.0003706669807434082
    },
    "got product info": {
      "min": 0.0001430511474609375,
      "max": 0.0007920265197753906,
      "median": 0.00022935867309570312,
      "std": 0.00009530635200990946,
      "mean": 0.000272526741027832
    },
    "got product images": {
      "min": 0.0014047622680664062,
      "max": 0.0046579837799072266,
      "median": 0.002171039581298828,
      "std": 0.0006183892146045251,
      "mean": 0.0023253393173217774
    },
    "total_time": 406.78534412384033,
    "num of data": 100
  }