{
    "downloaded sketch": {
      "min": 0.000025033950805664062,
      "max": 0.0013988018035888672,
      "median": 0.000047087669372558594,
      "std": 0.0001348854197266968,
      "mean": 0.000059936046600341794
    },
    "preprocessed sketch": {
      "min": 0.015429973602294922,
      "max": 0.02615213394165039,
      "median": 0.0215224027633667,
      "std": 0.0023952972442985755,
      "mean": 0.021771235466003416
    },
    "GAN generated chair": {
      "min": 1.6943719387054443,
      "max": 4.6615118980407715,
      "median": 2.084030866622925,
      "std": 0.4993651552349276,
      "mean": 2.255863621234894
    },
    "got similar products": {
      "min": 0.9380910396575928,
      "max": 4.324841022491455,
      "median": 2.033336877822876,
      "std": 0.5380519597364662,
      "mean": 1.8717038202285767
    },
    "filtered similar products": {
      "min": 0.00017499923706054688,
      "max": 0.0007398128509521484,
      "median": 0.0004544258117675781,
      "std": 0.00011636850938719888,
      "mean": 0.0004076218605041504
    },
    "got product info": {
      "min": 0.00013494491577148438,
      "max": 0.0010881423950195312,
      "median": 0.0002747774124145508,
      "std": 0.00013732787409455707,
      "mean": 0.00030254602432250977
    },
    "got product images": {
      "min": 0.0012001991271972656,
      "max": 0.009713888168334961,
      "median": 0.0033915042877197266,
      "std": 0.0012748751115459664,
      "mean": 0.003606259822845459
    },
    "total_time": 415.79051899909973,
    "num of data": 100
  }