{
    "downloaded sketch": {
      "min": 0.000025033950805664062,
      "max": 0.0010561943054199219,
      "median": 0.00004410743713378906,
      "std": 0.0001010718220855411,
      "mean": 0.00005388975143432617
    },
    "preprocessed sketch": {
      "min": 0.018098115921020508,
      "max": 0.027249813079833984,
      "median": 0.019867539405822754,
      "std": 0.0017902296872246526,
      "mean": 0.020343337059020996
    },
    "GAN generated chair": {
      "min": 1.6861858367919922,
      "max": 19.016629219055176,
      "median": 2.04258394241333,
      "std": 1.7049777988733092,
      "mean": 2.284506039619446
    },
    "got similar products": {
      "min": 0.7817668914794922,
      "max": 2.7081809043884277,
      "median": 1.931356430053711,
      "std": 0.43235085508921545,
      "mean": 1.7763545656204223
    },
    "filtered similar products": {
      "min": 0.0002601146697998047,
      "max": 0.0005970001220703125,
      "median": 0.0004576444625854492,
      "std": 0.0000919686254921459,
      "mean": 0.0004100584983825684
    },
    "got product info": {
      "min": 0.0001709461212158203,
      "max": 0.0005011558532714844,
      "median": 0.00028192996978759766,
      "std": 0.00008577114927675085,
      "mean": 0.0003020763397216797
    },
    "got product images": {
      "min": 0.0019538402557373047,
      "max": 0.004569292068481445,
      "median": 0.0026630163192749023,
      "std": 0.00045912176867317394,
      "mean": 0.002732837200164795
    },
    "total_time": 408.83952474594116,
    "num of data": 100
  }