{
    "downloaded sketch": {
      "min": 0.000013113021850585938,
      "max": 0.0008959770202636719,
      "median": 0.00004506111145019531,
      "std": 0.00008652837548045381,
      "mean": 0.00005036592483520508
    },
    "preprocessed sketch": {
      "min": 0.01106405258178711,
      "max": 0.03140616416931152,
      "median": 0.023767948150634766,
      "std": 0.005777251014506132,
      "mean": 0.022916946411132812
    },
    "GAN generated chair": {
      "min": 1.6118321418762207,
      "max": 2.731196165084839,
      "median": 2.0334343910217285,
      "std": 0.19017818371693587,
      "mean": 2.080829906463623
    },
    "got similar products": {
      "min": 0.7559769153594971,
      "max": 2.3903260231018066,
      "median": 2.0347189903259277,
      "std": 0.470323390816898,
      "mean": 1.767804491519928
    },
    "filtered similar products": {
      "min": 0.00007677078247070312,
      "max": 0.0006320476531982422,
      "median": 0.00042450428009033203,
      "std": 0.00013467427676474463,
      "mean": 0.00039571523666381836
    },
    "got product info": {
      "min": 0.00006222724914550781,
      "max": 0.0005860328674316406,
      "median": 0.0003342628479003906,
      "std": 0.00011185008697668667,
      "mean": 0.0002974891662597656
    },
    "got product images": {
      "min": 0.0012149810791015625,
      "max": 0.008478879928588867,
      "median": 0.004376649856567383,
      "std": 0.0015186879427438811,
      "mean": 0.0044463443756103515
    },
    "total_time": 388.04181003570557,
    "num of data": 100
  }