{"downloaded sketch": {"min": 0.0013380050659179688, "max": 0.0013380050659179688, "median": 0.0013380050659179688, "std": 0.0, "mean": 0.0013380050659179688}, "preprocessed sketch": {"min": 0.03447914123535156, "max": 0.03447914123535156, "median": 0.03447914123535156, "std": 0.0, "mean": 0.03447914123535156}, "GAN generated chair": {"min": 36.26008677482605, "max": 36.26008677482605, "median": 36.26008677482605, "std": 0.0, "mean": 36.26008677482605}, "got similar products": {"min": 2.2132010459899902, "max": 2.2132010459899902, "median": 2.2132010459899902, "std": 0.0, "mean": 2.2132010459899902}, "filtered similar products": {"min": 0.00032401084899902344, "max": 0.00032401084899902344, "median": 0.00032401084899902344, "std": 0.0, "mean": 0.00032401084899902344}, "got product info": {"min": 0.0003628730773925781, "max": 0.0003628730773925781, "median": 0.0003628730773925781, "std": 0.0, "mean": 0.0003628730773925781}, "got product images": {"min": 11.126018047332764, "max": 11.126018047332764, "median": 11.126018047332764, "std": 0.0, "mean": 11.126018047332764}, "total_time": 49.638099908828735, "num of data": 1}