{"downloaded sketch": {"min": 0.001226186752319336, "max": 0.001226186752319336, "median": 0.001226186752319336, "std": 0.0, "mean": 0.001226186752319336}, "preprocessed sketch": {"min": 0.033133745193481445, "max": 0.033133745193481445, "median": 0.033133745193481445, "std": 0.0, "mean": 0.033133745193481445}, "GAN generated chair": {"min": 2.6140432357788086, "max": 2.6140432357788086, "median": 2.6140432357788086, "std": 0.0, "mean": 2.6140432357788086}, "got similar products": {"min": 1.151857852935791, "max": 1.151857852935791, "median": 1.151857852935791, "std": 0.0, "mean": 1.151857852935791}, "filtered similar products": {"min": 0.0004851818084716797, "max": 0.0004851818084716797, "median": 0.0004851818084716797, "std": 0.0, "mean": 0.0004851818084716797}, "got product info": {"min": 0.0003688335418701172, "max": 0.0003688335418701172, "median": 0.0003688335418701172, "std": 0.0, "mean": 0.0003688335418701172}, "got product images": {"min": 6.544357061386108, "max": 6.544357061386108, "median": 6.544357061386108, "std": 0.0, "mean": 6.544357061386108}, "total_time": 10.349363327026367, "num of data": 1}