{"downloaded sketch": {"min": 0.0010340213775634766, "max": 0.0010340213775634766, "median": 0.0010340213775634766, "std": 0.0, "mean": 0.0010340213775634766}, "preprocessed sketch": {"min": 0.035932064056396484, "max": 0.035932064056396484, "median": 0.035932064056396484, "std": 0.0, "mean": 0.035932064056396484}, "GAN generated chair": {"min": 1.8596720695495605, "max": 1.8596720695495605, "median": 1.8596720695495605, "std": 0.0, "mean": 1.8596720695495605}, "got similar products": {"min": 1.1381609439849854, "max": 1.1381609439849854, "median": 1.1381609439849854, "std": 0.0, "mean": 1.1381609439849854}, "filtered similar products": {"min": 0.00033402442932128906, "max": 0.00033402442932128906, "median": 0.00033402442932128906, "std": 0.0, "mean": 0.00033402442932128906}, "got product info": {"min": 0.0003647804260253906, "max": 0.0003647804260253906, "median": 0.0003647804260253906, "std": 0.0, "mean": 0.0003647804260253906}, "got product images": {"min": 5.436764240264893, "max": 5.436764240264893, "median": 5.436764240264893, "std": 0.0, "mean": 5.436764240264893}, "total_time": 8.474745988845825, "num of data": 1}