{"downloaded sketch": {"min": 0.0010309219360351562, "max": 0.0010309219360351562, "median": 0.0010309219360351562, "std": 0.0, "mean": 0.0010309219360351562}, "preprocessed sketch": {"min": 0.03392505645751953, "max": 0.03392505645751953, "median": 0.03392505645751953, "std": 0.0, "mean": 0.03392505645751953}, "GAN generated chair": {"min": 2.5843708515167236, "max": 2.5843708515167236, "median": 2.5843708515167236, "std": 0.0, "mean": 2.5843708515167236}, "got similar products": {"min": 1.2005813121795654, "max": 1.2005813121795654, "median": 1.2005813121795654, "std": 0.0, "mean": 1.2005813121795654}, "filtered similar products": {"min": 0.0005009174346923828, "max": 0.0005009174346923828, "median": 0.0005009174346923828, "std": 0.0, "mean": 0.0005009174346923828}, "got product info": {"min": 0.00042176246643066406, "max": 0.00042176246643066406, "median": 0.00042176246643066406, "std": 0.0, "mean": 0.00042176246643066406}, "got product images": {"min": 6.673594236373901, "max": 6.673594236373901, "median": 6.673594236373901, "std": 0.0, "mean": 6.673594236373901}, "total_time": 10.4976167678833, "num of data": 1}