{"downloaded sketch": {"min": 0.0010578632354736328, "max": 0.0010578632354736328, "median": 0.0010578632354736328, "std": 0.0, "mean": 0.0010578632354736328}, "preprocessed sketch": {"min": 0.029966115951538086, "max": 0.029966115951538086, "median": 0.029966115951538086, "std": 0.0, "mean": 0.029966115951538086}, "GAN generated chair": {"min": 1.8569409847259521, "max": 1.8569409847259521, "median": 1.8569409847259521, "std": 0.0, "mean": 1.8569409847259521}, "got similar products": {"min": 2.005092144012451, "max": 2.005092144012451, "median": 2.005092144012451, "std": 0.0, "mean": 2.005092144012451}, "filtered similar products": {"min": 5.9604644775390625e-06, "max": 5.9604644775390625e-06, "median": 5.9604644775390625e-06, "std": 0.0, "mean": 5.9604644775390625e-06}, "got product info": {"min": 4.696846008300781e-05, "max": 4.696846008300781e-05, "median": 4.696846008300781e-05, "std": 0.0, "mean": 4.696846008300781e-05}, "got product images": {"min": 10.19497299194336, "max": 10.19497299194336, "median": 10.19497299194336, "std": 0.0, "mean": 10.19497299194336}, "total_time": 14.091875076293945, "num of data": 1}